{
  "project_info": {
    "project_number": "868057041909",
    "project_id": "lt-sc-8d0eb",
    "storage_bucket": "lt-sc-8d0eb.appspot.com"
  },
  "client": [
    {
      "client_info": {
        "mobilesdk_app_id": "1:868057041909:android:3ebb1fe317a79cd67d2ebc",
        "android_client_info": {
          "package_name": "com.flutterflow.homeU"
        }
      },
      "oauth_client": [],
      "api_key": [
        {
          "current_key": "AIzaSyBaHGlI4U7a7PFXY4J5dUlJQoOr127xnQY"
        }
      ],
      "services": {
        "appinvite_service": {
          "other_platform_oauth_client": []
        }
      }
    }
  ],
  "configuration_version": "1"
}